name,year,gdp_per_capita,social_support,healthy_life_expectancy,freedom,generosity,corruption,positive_affect,negative_affect,happiness,happiness_explained_by_gdp_per_capita,happiness_explained_by_social_support,happiness_explained_by_life_expectancy,happiness_explained_by_freedom,happiness_explained_by_generocity,happiness_explained_by_corruption,change_in_happiness,image,system_of_government,incarceration_rates,location
Afghanistan,2018,7.49,0.51,52.6,0.374,-0.085,0.928,0.424,0.405,3.2,0.35,0.52,0.36,0,0.16,0.02,-0.5202527046203613,Flag_of_Afghanistan.jpg,Republic,74,+34.32+69.08/
Albania,2018,9.41,0.68,68.7,0.824,0.005,0.899,0.713,0.319,4.72,0.95,0.85,0.87,0.38,0.18,0.03,0.08432245254516602,Flag_of_Albania.jpg,Republic,192,+41.19+19.49/
Algeria,2018,9.56,0.8,65.9,0.583,-0.172,0.759,0.591,0.293,5.21,1,1.16,0.79,0.09,0.07,0.11,undefined,Flag_of_Algeria.jpg,Republic,156,+36.42+3.13/
Argentina,2018,9.81,0.9,68.8,0.846,-0.207,0.855,0.82,0.321,6.09,1.09,1.43,0.88,0.47,0.07,0.05,-0.029491424560546875,Flag_of_Argentina.jpg,Republic,160,-34.36-58.23/
Armenia,2018,9.12,0.81,66.9,0.808,-0.149,0.677,0.581,0.455,4.56,0.85,1.05,0.81,0.28,0.1,0.06,-0.048261165618896484,Flag_of_Armenia.jpg,Republic,130,+40.11+44.31/
Australia,2018,10.72,0.94,73.6,0.916,0.138,0.405,0.759,0.187,7.23,1.37,1.55,1.04,0.56,0.33,0.29,-0.0646967887878418,Flag_of_Australia.jpg,Constitutional monarchy,152,-35.1829+149.0728/
Austria,2018,10.74,0.91,73,0.904,0.052,0.523,0.752,0.226,7.25,1.38,1.48,1.02,0.53,0.24,0.23,0.09420061111450195,Flag_of_Austria.jpg,Republic,97,+48.12+16.21/
Azerbaijan,2018,9.68,0.78,65.5,0.772,-0.252,0.561,0.593,0.191,5.21,1.04,1.15,0.77,0.35,0.04,0.18,0.5020465850830078,Flag_of_Azerbaijan.jpg,Republic,236,+40.25+49.50/
Bahrain,2017,10.68,0.88,68.5,0.906,0.128,0,0.814,0.29,6.2,1.36,1.37,0.87,0.54,0.25,0.11,undefined,Flag_of_Bahrain.jpg,Constitutional monarchy,301,+26.13+50.35/
Bangladesh,2018,8.22,0.71,64.3,0.901,-0.038,0.701,0.541,0.361,4.46,0.56,0.93,0.72,0.53,0.17,0.14,-0.1954507827758789,Flag_of_Bangladesh.jpg,Republic,43,+23.42+90.21/
Belarus,2018,9.78,0.9,66.1,0.644,-0.182,0.718,0.45,0.236,5.32,1.07,1.47,0.79,0.23,0.09,0.14,-0.25708913803100586,Flag_of_Belarus.jpg,Republic,306,+53.55+27.33/
Belgium,2018,10.67,0.93,72,0.808,-0.127,0.63,0.75,0.25,6.92,1.36,1.5,0.99,0.47,0.16,0.21,-0.27628326416015625,Flag_of_Belgium.jpg,Constitutional monarchy,98,+50.51+4.21/
Benin,2018,7.66,0.5,54.3,0.713,0.025,0.747,0.647,0.468,4.88,0.39,0.44,0.4,0.35,0.18,0.08,1.3902065753936768,Flag_of_Benin.jpg,Republic,77,+9.31+2.316/
Bhutan,2015,8.95,0.85,60.2,0.83,0.287,0.634,0.81,0.312,5.08,0.81,1.32,0.6,0.46,0.37,0.17,undefined,Flag_of_Bhutan.jpg,Constitutional monarchy,145,+27.28.0+89.38.5/
Bolivia,2018,8.86,0.83,63.6,0.863,-0.088,0.786,0.742,0.387,5.78,0.78,1.21,0.71,0.51,0.14,0.06,0.3463597297668457,Flag_of_Bolivia.jpg,Republic,122,-17.48-63.10/
Bosnia and Herzegovina,2018,9.4,0.84,67.8,0.659,0.125,0.913,0.643,0.277,5.39,0.95,1.21,0.84,0.21,0.26,0.01,0.4867420196533203,Flag_of_Bosnia_and_Herzegovina.jpg,Republic,73,+43.52+18.25/
Botswana,2018,9.68,0.79,58.9,0.818,-0.259,0.807,0.73,0.267,3.49,1.04,1.15,0.54,0.46,0.02,0.1,-1.6062235832214355,Flag_of_Botswana.jpg,Republic,193,-24.39.5+25.54.5/
Brazil,2018,9.56,0.88,66.4,0.751,-0.126,0.763,0.75,0.35,6.3,1,1.44,0.8,0.39,0.1,0.09,-0.2496943473815918,Flag_of_Brazil.jpg,Republic,307,-15.47-47.52/
Bulgaria,2018,9.87,0.92,66.8,0.724,-0.179,0.952,0.639,0.189,5.01,1.09,1.51,0.81,0.31,0.08,0,1.167212724685669,Flag_of_Bulgaria.jpg,Republic,125,+42.41+23.19/
Burkina Faso,2018,7.47,0.66,53.9,0.721,-0.004,0.757,0.711,0.343,4.59,0.33,1.06,0.38,0.25,0.18,0.11,0.6983580589294434,Flag_of_Burkina_Faso.jpg,Republic,41,+12.20-1.40/
Burundi,2018,6.54,0.48,53.4,0.646,-0.019,0.599,0.666,0.363,3.78,0.05,0.45,0.38,0.22,0.18,0.18,0.21205544471740723,Flag_of_Burundi.jpg,Republic,77,-3.30+30.00/
Cambodia,2018,8.25,0.79,61.6,0.958,0.034,0,0.845,0.414,4.7,0.57,1.12,0.64,0.61,0.23,0.06,0.6358942985534668,Flag_of_Cambodia.jpg,Constitutional monarchy,116,+11.33+104.55/
Cameroon,2018,8.13,0.68,52.7,0.816,0.033,0.884,0.642,0.356,5.04,0.55,0.91,0.33,0.38,0.19,0.04,0.8800058364868164,Flag_of_Cameroon.jpg,Republic,114,+3.52+11.31/
Canada,2018,10.7,0.92,73.6,0.946,0.098,0.372,0.824,0.259,7.28,1.36,1.5,1.04,0.58,0.29,0.31,-0.17912912368774414,Flag_of_Canada.jpg,Constitutional monarchy,114,+45.24-75.40/
Central African Republic,2017,6.49,0.32,45.2,0.645,0.094,0.89,0.614,0.599,3.08,0.03,0,0.11,0.23,0.24,0.04,-1.077131986618042,Flag_of_the_Central_African_Republic.jpg,Republic,16,+4.22+18.35/
Chad,2018,7.47,0.58,48.2,0.65,0.011,0.763,0.553,0.544,4.35,0.35,0.77,0.19,0.17,0.2,0.08,0.2753920555114746,Flag_of_Chad.jpg,Republic,39,+12.06+16.02/
Chile,2018,10.07,0.89,69.9,0.789,-0.071,0.816,0.833,0.276,6.44,1.16,1.37,0.92,0.36,0.19,0.06,0.5967917442321777,Flag_of_Chile.jpg,Republic,242,-33.26-70.40/
China,2018,9.69,0.79,69.3,0.895,-0.175,0,0.856,0.19,5.19,1.03,1.12,0.89,0.52,0.06,0.1,0.42587757110595703,Flag_of_the_Peoples_Republic_of_China.jpg,Republic,118,+39.55+116.23/
Colombia,2018,9.51,0.87,67.7,0.851,-0.155,0.855,0.825,0.301,6.12,0.99,1.41,0.84,0.47,0.1,0.03,0.014179706573486328,Flag_of_Colombia.jpg,Republic,240,+4.35-74.4/
Comoros,2018,7.26,0.62,57.2,0.56,0.136,0.794,0.748,0.337,3.97,0.27,0.76,0.51,0.14,0.27,0.08,undefined,Flag_of_the_Comoros.jpg,Republic,19,-11.41+43.16/
Congo (Brazzaville),2018,8.47,0.62,57.9,0.699,-0.125,0.738,0.588,0.448,4.81,0.67,0.8,0.51,0.37,0.1,0.09,0.9916982650756836,Flag_of_the_Democratic_Republic_of_the_Congo.jpg,Republic,27,-4.04+21.76/
Congo (Kinshasa),2017,6.69,0.67,52.9,0.704,0.085,0.809,0.551,0.404,4.42,0.09,1.12,0.36,0.27,0.21,0.05,undefined,Flag_of_the_Democratic_Republic_of_the_Congo.jpg,Republic,27,-4.04+21.76/
Costa Rica,2018,9.67,0.88,71.3,0.942,-0.104,0.781,0.87,0.326,7.17,1.03,1.44,0.96,0.56,0.14,0.09,0.0455622673034668,Flag_of_Costa_Rica.jpg,Republic,352,+9.56-84.5/
Croatia,2018,10.07,0.91,70.2,0.691,-0.153,0.925,0.582,0.29,5.43,1.15,1.27,0.91,0.3,0.12,0.02,-0.38909196853637695,Flag_of_Croatia.jpg,Republic,81,+45.48+16.0/
Cyprus,2018,0,0.83,73.7,0.794,0,0.848,0.75,0.298,6.05,1.26,1.22,1.04,0.41,0.19,0.04,-0.1921696662902832,Flag_of_Cyprus.jpg,Republic,80,+35.10+33.22/
Czech Republic,2018,10.42,0.93,70.3,0.79,-0.294,0.851,0.714,0.178,6.85,1.27,1.49,0.92,0.46,0.05,0.04,0.38132810592651367,Flag_of_the_Czech_Republic.jpg,Republic,211,+50.05+14.28/
Denmark,2018,10.76,0.96,72.4,0.935,0.016,0.151,0.821,0.206,7.6,1.38,1.57,1,0.59,0.25,0.41,-0.3410334587097168,Flag_of_Denmark.jpg,Constitutional monarchy,61,+55.43+12.34/
Dominican Republic,2018,9.63,0.86,65.8,0.867,-0.151,0.762,0.745,0.291,5.43,1.02,1.4,0.78,0.5,0.11,0.1,0.4216337203979492,Flag_of_the_Dominican_Republic.jpg,Republic,232,+19.00-70.40/
Ecuador,2018,9.27,0.85,68.5,0.869,-0.104,0.831,0.876,0.328,6.03,0.91,1.31,0.87,0.5,0.13,0.09,0.9257817268371582,Flag_of_Ecuador.jpg,Republic,162,-00.9-78.21/
Egypt,2018,9.29,0.76,61.7,0.682,-0.223,0,0.492,0.285,4.17,0.91,1.04,0.64,0.24,0.08,0.07,-0.9356231689453125,Flag_of_Egypt.jpg,Republic,116,+30.2+31.13/
El Salvador,2018,8.91,0.82,66.1,0.863,-0.097,0.827,0.872,0.265,6.25,0.79,1.24,0.79,0.43,0.09,0.07,0.8588428497314453,Flag_of_El_Salvador.jpg,Republic,541,+13.40-89.10/
Estonia,2018,10.32,0.93,68.6,0.886,-0.145,0.621,0.795,0.163,5.89,1.24,1.53,0.87,0.5,0.1,0.16,0.5186672210693359,Flag_of_Estonia.jpg,Republic,221,+59.25+24.45/
Ethiopia,2018,7.52,0.74,58.5,0.74,0.043,0.799,0.66,0.272,4.29,0.34,1.03,0.53,0.34,0.21,0.1,undefined,Flag_of_Ethiopia.jpg,Republic,128,+9.1+38.45/
Finland,2018,10.64,0.96,71.9,0.938,-0.132,0.199,0.782,0.182,7.77,1.34,1.59,0.99,0.6,0.15,0.39,0.09731864929199219,Flag_of_Finland.jpg,Republic,55,+60.10+024.56/
France,2018,10.57,0.92,73.8,0.816,-0.142,0.582,0.767,0.282,6.59,1.32,1.47,1.05,0.44,0.11,0.18,-0.2818336486816406,Flag_of_France.jpg,Republic,103,+48.51+2.21/
Gabon,2018,9.72,0.78,59.7,0.719,-0.217,0.823,0.641,0.418,4.8,1.06,1.18,0.57,0.29,0.04,0.05,undefined,Flag_of_Gabon.jpg,Republic,193,+0.23+9.27/
Gambia,2018,7.38,0.68,55,0.719,0,0.691,0.804,0.379,4.52,0.31,0.94,0.43,0.38,0.27,0.17,undefined,Flag_of_The_Gambia.jpg,Republic,58,+13.28-16.36/
Georgia,2018,9.23,0.62,64.5,0.775,-0.219,0.755,0.573,0.244,4.52,0.89,0.67,0.75,0.35,0.04,0.16,0.6647493839263916,Flag_of_Georgia.jpg,Republic,262,+42.31+43.36/
Germany,2018,10.73,0.92,72.2,0.877,0.03,0.496,0.78,0.243,6.99,1.37,1.45,0.99,0.5,0.26,0.26,0.4688882827758789,Flag_of_Germany.jpg,Republic,78,+52.31+13.23/
Ghana,2017,8.35,0.67,56.8,0.783,0.083,0.839,0.703,0.248,5,0.61,0.87,0.49,0.38,0.24,0.04,0.09039545059204102,Flag_of_Ghana.jpg,Republic,49,+5.33-0.12/
Greece,2018,10.13,0.79,72.4,0.564,-0.336,0.86,0.666,0.255,5.29,1.18,1.16,1,0.07,0,0.03,-1.0399703979492188,Flag_of_Greece.jpg,Republic,91,+37.58+23.43/
Guatemala,2018,8.92,0.84,64.8,0.91,-0.011,0.765,0.871,0.262,6.44,0.8,1.27,0.75,0.53,0.18,0.08,0.2228679656982422,Flag_of_Guatemala.jpg,Republic,122,+14.38-90.30/
Guinea,2018,7.63,0.63,54.4,0.731,0.1,0.778,0.744,0.44,4.53,0.38,0.83,0.38,0.33,0.21,0.09,undefined,Flag_of_Guinea.jpg,Republic,26,+9.31-13.42/
Haiti,2018,7.42,0.54,55.7,0.591,0.421,0.72,0.584,0.359,3.6,0.32,0.69,0.45,0.03,0.42,0.11,-0.20322704315185547,Flag_of_Haiti.jpg,Republic,102,+18.32-72.20/
Honduras,2018,8.44,0.83,67.2,0.872,0.106,0.804,0.872,0.287,5.86,0.64,1.24,0.83,0.51,0.25,0.08,0.5558943748474121,Flag_of_Honduras.jpg,Republic,198,+14.6-87.13/
Hong Kong S.A.R. of China,2017,10.93,0.83,75.9,0.831,0.129,0.416,0.64,0.201,5.43,1.44,1.28,1.12,0.44,0.26,0.29,0.10028886795043945,Flag_of_Hong_Kong.jpg,Its Complicated,115,+22.4+114.1/
Hungary,2017,10.2,0.88,67.2,0.661,-0.146,0.886,0.735,0.181,5.76,1.2,1.41,0.83,0.2,0.08,0.02,0.6827611923217773,Flag_of_Hungary.jpg,Republic,183,+47.26+19.15/
Iceland,2017,10.75,0.97,73,0.939,0.243,0.727,0.895,0.148,7.49,1.38,1.62,1.03,0.59,0.35,0.12,0.6052999496459961,Flag_of_Iceland.jpg,Republic,45,+64.08-21.56/
India,2018,8.83,0.64,60.1,0.89,0.072,0.805,0.657,0.357,4.02,0.75,0.76,0.59,0.5,0.2,0.08,-1.1366286277770996,Flag_of_India.jpg,Republic,33,+28.36.8+77.12.5/
Indonesia,2018,9.36,0.81,62.1,0.879,0.499,0.868,0.864,0.296,5.19,0.93,1.2,0.66,0.49,0.5,0.03,0.24013996124267578,Flag_of_Indonesia.jpg,Republic,69,-6.10.5+106.49.7/
Iran,2018,9.89,0.67,66,0.603,0.045,0.703,0.553,0.493,4.55,1.1,0.84,0.79,0.3,0.27,0.12,-0.7125434875488281,Flag_of_Iran.jpg,Republic,287,+35.41+51.25/
Iraq,2017,9.66,0.7,59.6,0.628,-0.038,0.757,0.505,0.591,4.44,1.04,0.98,0.57,0.24,0.15,0.09,-0.1526470184326172,Flag_of_Iraq.jpg,Republic,123,+33.20+44.26/
Ireland,2018,11.16,0.94,72.3,0.861,0.14,0.362,0.811,0.213,7.02,1.5,1.55,1,0.52,0.3,0.31,-0.3370800018310547,Flag_of_Ireland.jpg,Republic,79,+53.14-7.7/
Israel,2018,10.42,0.91,73.3,0.725,0.053,0.77,0.663,0.282,7.14,1.28,1.45,1.03,0.37,0.26,0.08,0.045403480529785156,Flag_of_Israel.jpg,Republic,265,+31.47+35.13/
Italy,2018,10.48,0.91,73.6,0.65,-0.023,0.888,0.649,0.403,6.22,1.29,1.49,1.04,0.23,0.16,0.03,-0.5115065574645996,Flag_of_Italy.jpg,Republic,89,+41.54+12.29/
Ivory Coast,2018,8.24,0.62,49.5,0.713,-0.037,0.791,0.682,0.386,4.94,0.57,0.81,0.23,0.35,0.15,0.09,undefined,ivory_coast.jpg,null,null,null
Jamaica,2017,9.01,0.91,67.1,0.861,-0.128,0.883,0.769,0.243,5.89,0.83,1.48,0.83,0.49,0.11,0.03,-0.31812286376953125,Flag_of_Jamaica.jpg,Constitutional monarchy,145,+17.59-76.48/
Japan,2018,10.58,0.89,75,0.773,-0.273,0.687,0.703,0.185,5.89,1.33,1.42,1.09,0.44,0.07,0.14,-0.2151641845703125,Flag_of_Japan.jpg,Constitutional monarchy,47,+35.41+139.46/
Jordan,2018,9.02,0.8,66.8,0.762,-0.183,0,0,0,4.91,0.84,1.22,0.81,0.38,0.11,0.13,-0.6969661712646484,Flag_of_Jordan.jpg,Constitutional monarchy,150,+31.57+35.56/
Kazakhstan,2018,10.11,0.94,64.6,0.84,-0.109,0.824,0.693,0.162,5.81,1.17,1.51,0.73,0.41,0.15,0.1,0.11807584762573242,Flag_of_Kazakhstan.jpg,Republic,221,+51.10+71.26/
Kenya,2018,8.03,0.71,60.1,0.821,0.307,0.844,0.759,0.237,4.51,0.51,0.98,0.58,0.43,0.37,0.05,0.3100252151489258,Flag_of_Kenya.jpg,Republic,121,-1.16+36.48/
Kosovo,2018,0,0.82,65.1,0.89,0,0.922,0.778,0.17,6.1,0.88,1.23,0.76,0.49,0.26,0.01,0.7851333618164062,Flag_of_Kosovo.jpg,Republic,100,+42.40+21.10/
Kuwait,2017,11.09,0.85,66.5,0.884,-0.039,0,0.692,0.307,6.02,1.5,1.32,0.81,0.49,0.14,0.1,-0.05487871170043945,Flag_of_Kuwait.jpg,Constitutional monarchy,112,+29.22+47.58/
Kyrgyzstan,2018,8.15,0.9,64.1,0.945,0.288,0.907,0.763,0.203,5.26,0.55,1.44,0.72,0.51,0.3,0.02,0.5688838958740234,Flag_of_Kyrgyzstan.jpg,Republic,167,+42.52+74.36/
Laos,2018,8.81,0.7,58.7,0.907,0.141,0.634,0.852,0.332,4.8,0.76,1.03,0.55,0.55,0.27,0.16,-0.36481523513793945,Flag_of_Laos.jpg,Republic,119,+17.58+102.36/
Latvia,2018,10.18,0.91,66.8,0.608,-0.217,0.799,0.585,0.192,5.94,1.19,1.46,0.81,0.26,0.07,0.06,1.1587090492248535,Flag_of_Latvia.jpg,Republic,224,+56.57+24.6/
Lebanon,2018,9.51,0.83,67.1,0.607,-0.066,0.907,0.464,0.271,5.2,0.99,1.22,0.81,0.22,0.17,0.03,0.2854628562927246,Flag_of_Lebanon.jpg,Republic,128,+33.54+35.32/
Lesotho,2017,7.96,0.77,47.3,0.757,-0.153,0.797,0.746,0.255,3.8,0.49,1.17,0.17,0.36,0.11,0.09,undefined,Flag_of_Lesotho.jpg,Constitutional monarchy,92,-29.28+27.56/
Liberia,2018,6.63,0.73,56.1,0.766,0.096,0.868,0.66,0.436,3.98,0.07,0.92,0.44,0.37,0.23,0.03,0.013915538787841797,Flag_of_Liberia.jpg,Republic,49,+6.19-10.48/
Libya,2018,0,0.82,62.3,0.781,0,0.646,0.706,0.399,5.53,1.04,1.3,0.67,0.42,0.13,0.15,undefined,Flag_of_Libya.jpg,n/a,99,+32.52+13.11/
Lithuania,2018,10.34,0.93,67.3,0.699,-0.241,0.852,0.517,0.214,6.15,1.24,1.52,0.82,0.29,0.04,0.04,0.3333587646484375,Flag_of_Lithuania.jpg,Republic,254,+54.41+25.19/
Luxembourg,2018,11.45,0.9,72.6,0.884,-0.025,0.385,0.75,0.202,7.09,1.61,1.48,1.01,0.53,0.19,0.32,undefined,Flag_of_Luxembourg.jpg,Constitutional monarchy,120,+49.36+6.7/
Macedonia,2018,9.5,0.85,67.5,0.745,-0.04,0.91,0.59,0.298,5.27,0.98,1.29,0.84,0.34,0.18,0.03,0.7800216674804688,Flag_of_Macedonia.jpg,Republic,166,+42.0+21.26/
Madagascar,2018,7.28,0.67,59.1,0.551,0.006,0.889,0.752,0.362,3.93,0.27,0.92,0.55,0.15,0.17,0.04,-0.3766658306121826,Flag_of_Madagascar.jpg,Republic,84,-18.55+47.31/
Malawi,2018,7.01,0.53,57.6,0.799,0.065,0.766,0.586,0.365,3.41,0.19,0.56,0.5,0.44,0.22,0.09,-0.951120138168335,Flag_of_Malawi.jpg,Republic,70,-13.57+33.42/
Malaysia,2018,10.24,0.79,67,0.875,0.113,0.894,0.824,0.2,5.34,1.22,1.17,0.83,0.51,0.26,0.02,-0.6966242790222168,Flag_of_Malaysia.jpg,Constitutional monarchy,172,+3.8+101.41/
Mali,2018,7.63,0.69,51.7,0.737,-0.032,0.793,0.77,0.37,4.39,0.38,1.1,0.31,0.33,0.15,0.05,0.3259725570678711,Flag_of_Mali.jpg,Republic,33,+12.39-8.0/
Malta,2018,0,0.93,72.2,0.927,0,0.595,0.721,0.296,6.73,1.3,1.52,1,0.56,0.38,0.15,undefined,Flag_of_Malta.jpg,Republic,131,+35.54+14.31/
Mauritania,2018,8.2,0.8,57,0.467,-0.095,0.711,0.663,0.276,4.49,0.57,1.17,0.49,0.07,0.11,0.09,0.2915940284729004,Flag_of_Mauritania.jpg,Republic,44,+18.09-15.58/
Mauritius,2018,9.96,0.91,66.4,0.867,-0.082,0.785,0.774,0.158,5.89,1.12,1.4,0.8,0.5,0.22,0.06,undefined,Flag_of_Mauritius.jpg,Republic,174,-20.10+57.31/
Mexico,2018,9.77,0.86,68.3,0.816,-0.182,0.809,0.882,0.213,6.59,1.07,1.32,0.86,0.43,0.07,0.07,-0.05080747604370117,Flag_of_Mexico.jpg,Republic,204,+19.26-99.08/
Moldova,2018,8.59,0.89,65,0.824,-0.034,0.929,0.582,0.27,5.53,0.69,1.33,0.74,0.25,0.18,0,0.4011545181274414,Flag_of_Moldova.jpg,Republic,222,+47.0+28.55/
Mongolia,2018,9.42,0.94,62.3,0.696,0.041,0.849,0.654,0.192,5.29,0.95,1.53,0.67,0.32,0.24,0.04,0.7354559898376465,Flag_of_Mongolia.jpg,Republic,266,+47.55+106.53/
Montenegro,2018,9.73,0.86,68.5,0.626,-0.049,0.769,0.59,0.355,5.52,1.05,1.36,0.87,0.2,0.14,0.08,0.3265571594238281,Flag_of_Montenegro.jpg,Republic,182,+42.47+19.28/
Morocco,2018,8.94,0.55,65.9,0.773,-0.246,0.843,0.638,0.416,5.21,0.8,0.78,0.78,0.42,0.04,0.08,undefined,Flag_of_Morocco.jpg,Constitutional monarchy,222,+34.02-6.51/
Mozambique,2018,7.04,0.74,54.2,0.897,0.054,0.691,0.64,0.397,4.47,0.2,0.99,0.39,0.49,0.2,0.14,-0.22653532028198242,Flag_of_Mozambique.jpg,Republic,57,-25.57+32.35/
Myanmar,2018,8.69,0.77,59,0.906,0.47,0.647,0.777,0.3,4.36,0.71,1.18,0.55,0.53,0.57,0.17,undefined,Flag_of_Myanmar.jpg,Republic,113,+19.45+96.6/
Namibia,2018,9.16,0.86,56.5,0.754,-0.176,0.846,0.739,0.24,4.64,0.88,1.31,0.48,0.4,0.07,0.06,-0.24636268615722656,Flag_of_Namibia.jpg,Republic,144,-22.34.2+17.5.167/
Nepal,2018,7.85,0.77,63.5,0.77,0.133,0.742,0.537,0.387,4.91,0.45,1.23,0.68,0.44,0.28,0.09,0.327847957611084,Flag_of_Nepal.jpg,Republic,62,+27.42+85.19/
Netherlands,2018,10.81,0.94,72.3,0.92,0.156,0.371,0.862,0.205,7.49,1.4,1.52,1,0.56,0.32,0.3,-0.02821207046508789,Flag_of_the_Netherlands.jpg,Constitutional monarchy,69,+52.22+4.53/
New Zealand,2018,10.5,0.95,73.2,0.949,0.117,0.207,0.845,0.168,7.31,1.3,1.56,1.03,0.59,0.33,0.38,-0.10918951034545898,Flag_of_New_Zealand.jpg,Constitutional monarchy,202,-41.17+174.27/
Nicaragua,2018,8.61,0.85,67.5,0.797,0.003,0.713,0.793,0.408,6.11,0.69,1.32,0.83,0.43,0.2,0.13,1.2636499404907227,Flag_of_Nicaragua.jpg,Republic,171,+12.9-86.16/
Niger,2018,6.84,0.61,53.5,0.791,0.023,0.637,0.771,0.503,4.63,0.14,0.77,0.37,0.32,0.19,0.1,0.5475654602050781,Flag_of_Niger.jpg,Republic,44,+13.32+2.05/
Nigeria,2018,8.58,0.74,49.7,0.79,-0.021,0.866,0.805,0.256,5.26,0.7,1.11,0.25,0.43,0.22,0.04,0.4178447723388672,Flag_of_Nigeria.jpg,Republic,35,+9.4+7.29/
North Cyprus,2018,0,0.84,0,0.797,0,0.614,0.48,0.262,5.72,1.26,1.25,1.04,0.42,0.19,0.16,undefined,north_cyprus.jpg,null,null,null
Norway,2018,11.09,0.97,73.2,0.96,0.076,0.268,0.827,0.212,7.55,1.49,1.58,1.03,0.6,0.27,0.34,0.02988910675048828,Flag_of_Norway.jpg,Constitutional monarchy,70,+59.56+10.41/
Pakistan,2018,8.56,0.69,58.5,0.773,0.054,0.799,0.567,0.377,5.65,0.68,0.89,0.54,0.31,0.22,0.1,0.702796459197998,Flag_of_Pakistan.jpg,Republic,43,+33.40+73.10/
Palestinian Territories,2018,0,0.82,0,0.655,0,0.814,0.61,0.419,4.7,0.66,1.25,0.67,0.22,0.1,0.07,0.2793087959289551,Flag_of_Palestine.jpg,Republic,null,+31.95+35.23/
Panama,2018,10.05,0.9,69.6,0.861,-0.123,0.837,0.884,0.223,6.32,1.15,1.44,0.91,0.52,0.11,0.05,-0.3294410705566406,Flag_of_Panama.jpg,Republic,426,+8.58-79.32/
Paraguay,2017,9.09,0.9,65.5,0.891,0.018,0.81,0.903,0.232,5.74,0.86,1.48,0.78,0.51,0.18,0.08,0.5509018898010254,Flag_of_Paraguay.jpg,Republic,180,-25.16-57.40/
Peru,2018,9.43,0.85,68.1,0.83,-0.188,0.906,0.809,0.38,5.7,0.96,1.27,0.85,0.45,0.08,0.03,0.6449422836303711,Flag_of_Peru.jpg,Republic,251,-12.2.6-77.1.7/
Philippines,2018,8.99,0.85,61.9,0.918,-0.113,0.726,0.773,0.393,5.63,0.81,1.29,0.66,0.56,0.12,0.11,0.859868049621582,Flag_of_the_Philippines.jpg,Republic,140,+14.35+120.58/
Poland,2017,10.21,0.88,68.9,0.831,-0.128,0,0.677,0.203,6.18,1.21,1.44,0.88,0.48,0.12,0.05,0.4450392723083496,Flag_of_Poland.jpg,Republic,187,+52.13+21.02/
Portugal,2018,10.26,0.89,72.4,0.877,-0.263,0.88,0.679,0.318,5.69,1.22,1.43,1,0.51,0.05,0.02,0.12914228439331055,Flag_of_Portugal.jpg,Republic,137,+38.46-9.9/
Qatar,2015,11.69,0,68.3,0,0,0,0,0,6.37,1.68,1.31,0.87,0.56,0.22,0.17,undefined,Flag_of_Qatar.jpg,Absolute monarchy,53,+25.18+51.31/
Romania,2018,10.11,0.82,67.2,0.845,-0.22,0.921,0.735,0.298,6.07,1.16,1.23,0.82,0.46,0.08,0,0.8511857986450195,Flag_of_Romania.jpg,Republic,142,+44.25+26.06/
Russia,2018,10.13,0.91,64.3,0.729,-0.156,0.865,0.673,0.199,5.65,1.18,1.45,0.73,0.33,0.08,0.03,0.3846464157104492,Flag_of_Russia.jpg,Republic,450,+55.45+37.37/
Rwanda,2018,7.57,0.62,61.1,0.924,0.057,0.164,0.793,0.308,3.33,0.36,0.71,0.61,0.55,0.22,0.41,-0.9398727416992188,Flag_of_Rwanda.jpg,Republic,434,-1.56.633+30.3.567/
Saudi Arabia,2018,10.8,0.87,66.3,0.855,-0.21,0,0.764,0.288,6.37,1.4,1.36,0.8,0.44,0.08,0.13,-0.6656365394592285,Flag_of_Saudi_Arabia.jpg,Absolute monarchy,161,+24.39+46.46/
Senegal,2018,7.85,0.74,59.6,0.629,-0.062,0.805,0.714,0.247,4.68,0.45,1.13,0.57,0.29,0.15,0.07,0.08810758590698242,Flag_of_Senegal.jpg,Republic,62,+14.40-17.25/
Serbia,2018,9.58,0.85,68.2,0.74,-0.099,0.864,0.559,0.296,5.6,1,1.38,0.85,0.28,0.14,0.04,0.8526573181152344,Flag_of_Serbia.jpg,Republic,142,+44.48+20.28/
Sierra Leone,2018,7.27,0.65,50.8,0.716,0.102,0.856,0.552,0.466,4.37,0.27,0.84,0.24,0.31,0.25,0.05,0.9707074165344238,Flag_of_Sierra_Leone.jpg,Republic,55,+8.29.067-13.14.067/
Singapore,2018,0,0.9,76.8,0.916,0,0.097,0.787,0.107,6.26,1.57,1.46,1.14,0.56,0.27,0.45,-0.3790411949157715,Flag_of_Singapore.jpg,Republic,219,+1.17+103.50/
Slovakia,2018,10.35,0.92,68.9,0.758,-0.18,0.91,0.754,0.253,6.2,1.25,1.5,0.88,0.33,0.12,0.01,0.9329686164855957,Flag_of_Slovakia.jpg,Republic,184,+48.09+17.07/
Slovenia,2018,10.4,0.94,71.1,0.942,-0.122,0.839,0.644,0.275,6.12,1.26,1.52,0.95,0.56,0.14,0.06,0.3064122200012207,Flag_of_Slovenia.jpg,Republic,73,+46.03+14.30/
Somalia,2016,0,0.59,50,0.917,0,0.441,0.891,0.193,4.67,0,0.7,0.27,0.56,0.24,0.27,undefined,Flag_of_Somalia.jpg,Republic,null,+2.2+45.21/
South Africa,2018,9.41,0.84,56.5,0.753,-0.059,0.841,0.812,0.283,4.72,0.96,1.35,0.47,0.39,0.13,0.05,-0.49018335342407227,Flag_of_South_Africa.jpg,Republic,292,-30.56+22.94/
South Korea,2018,10.51,0.8,73.6,0.6,-0.094,0.797,0.661,0.217,5.89,1.3,1.22,1.04,0.16,0.17,0.06,0.4035162925720215,Flag_of_North_Korea.jpg,Republic,700,+37.33+126.58/
South Sudan,2017,0,0.56,51,0.456,0,0.761,0.586,0.517,2.85,0.31,0.57,0.29,0.01,0.2,0.09,undefined,Flag_of_South_Sudan.jpg,Republic,52,+04.51+31.36/
Spain,2018,10.47,0.91,74.4,0.722,-0.079,0.777,0.659,0.357,6.35,1.29,1.48,1.06,0.36,0.15,0.08,-0.792788028717041,Flag_of_Spain.jpg,Constitutional monarchy,131,+40.26-3.42/
Sri Lanka,2018,9.4,0.83,67.2,0.853,0.087,0.858,0.831,0.301,4.37,0.95,1.26,0.83,0.47,0.24,0.05,-0.030250072479248047,Flag_of_Sri_Lanka.jpg,Republic,88,+6.56+79.52/
Swaziland,2018,8.95,0.78,0,0.71,-0.18,0.692,0.824,0.252,4.21,0.81,1.15,0,0.31,0.07,0.13,undefined,Flag_of_Swaziland.jpg,Absolute monarchy,282,-26.19+31.8/
Sweden,2018,10.77,0.93,72.6,0.942,0.07,0.263,0.823,0.161,7.34,1.39,1.49,1.01,0.57,0.27,0.37,-0.03493022918701172,Flag_of_Sweden.jpg,Constitutional monarchy,53,+59.21+18.4/
Switzerland,2018,10.98,0.93,74.1,0.926,0.096,0.301,0.792,0.192,7.48,1.45,1.53,1.05,0.57,0.26,0.34,0.006967067718505859,Flag_of_Switzerland.jpg,Republic,84,+46.57+7.27/
Syria,2015,0,0.46,55.2,0.448,0,0.685,0.369,0.643,3.46,0.62,0.38,0.44,0.01,0.33,0.14,-1.861419439315796,Flag_of_Syria.jpg,Republic,60,+33.30+36.18/
Taiwan Province of China,2018,0,0.9,0,0.741,0,0.736,0.848,0.093,6.45,1.37,1.43,0.91,0.35,0.24,0.1,0.5783205032348633,Flag_of_the_Republic_of_China.jpg,Republic,267,+25.02+121.38/
Tajikistan,2017,7.97,0.66,63.8,0.832,0.122,0.718,0.603,0.278,5.47,0.49,1.1,0.72,0.39,0.23,0.14,0.7640829086303711,Flag_of_Tajikistan.jpg,Republic,121,+38.33+68.48/
Tanzania,2018,7.93,0.68,57.5,0.807,0.142,0.612,0.762,0.221,3.23,0.48,0.88,0.5,0.42,0.28,0.15,-0.98166823387146,Flag_of_Tanzania.jpg,Republic,64,-6.37+34.9/
Thailand,2018,9.73,0.87,67.2,0.905,0.252,0.907,0.843,0.198,6.01,1.05,1.41,0.83,0.56,0.36,0.03,0.22701644897460938,Flag_of_Thailand.jpg,n/a,445,+13.45+100.29/
Togo,2018,7.29,0.6,54.7,0.612,-0.007,0.809,0.608,0.446,4.08,0.28,0.57,0.41,0.29,0.18,0.09,1.0773632526397705,Flag_of_Togo.jpg,Republic,62,+6.7+1.13/
Trinidad and Tobago,2017,10.27,0.92,63.5,0.859,-0.005,0.911,0.846,0.248,6.19,1.23,1.48,0.71,0.49,0.19,0.02,-0.07076501846313477,Flag_of_Trinidad_and_Tobago.jpg,Republic,272,+10.40-61.31/
Tunisia,2018,9.3,0.73,66.9,0.65,-0.203,0.84,0.592,0.365,4.46,0.92,1,0.81,0.17,0.06,0.05,undefined,Flag_of_Tunisia.jpg,Republic,204,+36.50+10.9/
Turkey,2018,10.15,0.85,66.8,0.529,-0.182,0.805,0.435,0.351,5.37,1.18,1.36,0.81,0.19,0.08,0.11,0.21758079528808594,Flag_of_Turkey.jpg,Republic,238,+39.55+32.50/
Turkmenistan,2018,9.75,0.98,62.2,0.858,0.237,0,0.612,0.189,5.25,1.05,1.54,0.66,0.39,0.24,0.03,undefined,Flag_of_Turkmenistan.jpg,Republic,583,+37.58+58.20/
Uganda,2018,7.46,0.74,55.7,0.729,0.088,0.856,0.685,0.39,4.19,0.33,1.07,0.44,0.36,0.25,0.06,-0.06442451477050781,Flag_of_Uganda.jpg,Republic,120,+1.37+32.3/
Ukraine,2018,9.01,0.9,64.6,0.663,-0.055,0.943,0.609,0.222,4.33,0.82,1.39,0.74,0.18,0.19,0.01,-0.7413606643676758,Flag_of_Ukraine.jpg,Republic,168,+50.27+30.30/
United Arab Emirates,2018,11.13,0.85,67.1,0.944,0.036,0,0.787,0.302,6.82,1.5,1.31,0.82,0.6,0.26,0.18,0.09029769897460938,Flag_of_the_United_Arab_Emirates.jpg,Absolute monarchy,229,+24.28+54.22/
United Kingdom,2018,10.6,0.93,72.3,0.838,0.222,0.404,0.783,0.228,7.05,1.33,1.54,1,0.45,0.35,0.28,0.13674163818359375,Flag_of_the_United_Kingdom.jpg,Constitutional monarchy,146,+51.30-0.7/
United States,2018,10.92,0.9,68.3,0.825,0.108,0.71,0.815,0.292,6.89,1.43,1.46,0.87,0.45,0.28,0.13,-0.44588422775268555,Flag_of_the_United_States.jpg,Republic,693,+38.53-77.01/
Uruguay,2018,9.96,0.92,69,0.876,-0.108,0.683,0.877,0.275,6.29,1.12,1.46,0.89,0.52,0.13,0.15,0.578615665435791,Flag_of_Uruguay.jpg,Republic,291,-34.53-56.10/
Uzbekistan,2018,8.77,0.92,65.1,0.97,0.312,0.52,0.825,0.209,6.17,0.75,1.53,0.76,0.63,0.32,0.24,0.9026165008544922,Flag_of_Uzbekistan.jpg,Republic,150,+41.16+69.13/
Venezuela,2018,9.27,0.89,66.5,0.611,-0.176,0.828,0.759,0.374,4.71,0.96,1.43,0.81,0.15,0.06,0.05,-1.9438958168029785,Flag_of_Venezuela.jpg,Republic,159,+10.30-66.55/
Vietnam,2018,8.78,0.83,67.9,0.909,-0.039,0.808,0.692,0.191,5.18,0.74,1.35,0.85,0.54,0.15,0.07,-0.2249917984008789,Flag_of_Vietnam.jpg,Republic,146,+21.2+105.51/
Yemen,2018,0,0.79,56.7,0.553,0,0.793,0.461,0.315,3.38,0.29,1.16,0.46,0.14,0.11,0.08,-1.0972919464111328,Flag_of_Yemen.jpg,n/a,53,+15.55+48.51/
Zambia,2018,8.22,0.72,55.3,0.791,0.037,0.811,0.703,0.351,4.11,0.58,1.06,0.43,0.43,0.25,0.09,-0.41324424743652344,Flag_of_Zambia.jpg,Republic,125,-15.25+28.17/
Zimbabwe,2018,7.55,0.78,55.6,0.763,-0.038,0.844,0.71,0.212,3.66,0.37,1.11,0.43,0.36,0.15,0.09,0.23643159866333008,Flag_of_Zimbabwe.jpg,Republic,145,-17.50+31.3/